oper_num,oper_engl_nm,oper_spanish_nm,apprvl_dt,sign_dt,cntry_cd,cntry_nm_engl,cntry_nm_spanish,publc_sts_engl_nm,publc_sts_spanish_nm,sector_cd,sector_nm_engl,sector_nm_spanish,subsector_cd,subsector_nm_engl,subsector_nm_spanish,oper_typ_cd,opertyp_engl_nm,opertyp_spanish_nm,objtv_engl,objtv_spanish,orig_apprvd_useq_amnt,totl_cost_orig,loc_cntrprt,lending_typ_cd,lending_typ_engl_nm,lending_typ_spanish_nm,modality_cd,modality_engl_nm,modality_spanish_nm,facility_typ_cd,facility_typ_engl_nm,facility_typ_spanish_nm,envmntl_clssfctn_cd,envmntl_clssfctn_engl_nm,envmntl_clssfctn_spanish_nm
BR-L1511,Fiscal Management Enhancement Project for the State of Mato Grosso do Sul – PROFISCO II-MS,Proyecto de Modernización de la Gestión Fiscal del Estado de Mato Grosso do Sul – PROFISCO II-MS,8/30/2018 0:00,9/16/2019 0:00,BR,Brazil,Brasil,Implementation,Implementación,RM,REFORM / MODERNIZATION OF THE STATE,REFORMA/MODERNIZACIÓN DEL ESTADO,RM-FIS,FISCAL POLICY FOR SUSTAINABILITY AND GROWTH,POLÍTICA FISCAL PARA LA SOSTENIBILIDAD Y EL CRECIMIENTO,LON,Loan Operation,Operación de Préstamo,The project objective is to contribute to the state's fiscal sustainability through: (i) modernization of fiscal management; (ii) improvement of tax administration; and (iii) improvement of public expenditure management.This project is the sixth individual loan operation under the PROFISCO II CCLIP (BR-X1039) approved by the Board of Executive Directors through Resolution DE-113/17.,El objetivo del proyecto es contribuir a la sostenibilidad fiscal del Estado a travésde: (i) la modernización de la gestión hacendaria; (ii) la mejora de la Administración Tributaria (AT); y (iii) la mejora dela gestión del gasto público.El presente proyecto es la sexta operación individual de préstamo bajo la CCLIP PROFISCO II (BR-X1039) aprobadapor el Directorio Ejecutivo mediante Resolución DE-113/17.,47700000,53000000,5300000,SG,Sovereign Guaranteed,SG,ESP,ESP (Specific Investment Operation),ESP (Operación de inversión específica),,,,C,Likely to cause minimal or no negative environmental and associated social impacts,Probablemente cause un mínimo o ningún impacto ambiental negativo y social asociado
AR-L1405,Federal Fiscal Management Strengthening Program,Programa de Fortalecimiento de la Gestión Fiscal Federal,12/6/2024 0:00,2/20/2025 0:00,AR,Argentina,Argentina,Implementation,Implementación,RM,REFORM / MODERNIZATION OF THE STATE,REFORMA/MODERNIZACIÓN DEL ESTADO,RM-SUB,SUBNATIONAL AND LOCAL GOVERNMENTS,GOBIERNOS SUBNACIONALES Y LOCALES,LON,Loan Operation,Operación de Préstamo,The general development objective is to improve the technical efficiency of public expenditure. The specific objective is to improve the efficiency of public resource management processes and systems.,El objetivo general de desarrollo es mejorar la eficiencia técnica del gasto público. El objetivo específico es mejorar la eficiencia de los procesos y sistemas de gestión de recursos públicos.,60000000,60000000,,SG,Sovereign Guaranteed,SG,ESP,ESP (Specific Investment Operation),ESP (Operación de inversión específica),,,,C,Likely to cause minimal or no negative environmental and associated social impacts,Probablemente cause un mínimo o ningún impacto ambiental negativo y social asociado
BR-L1525,Fiscal Management Modernization Project for the State of Amapá – PROFISCO II – AP,Proyecto de Modernización de la Gestión Fiscal del Estado de Amapá ― PROFISCO II - AP,12/6/2019 0:00,12/30/2023 0:00,BR,Brazil,Brasil,Implementation,Implementación,RM,REFORM / MODERNIZATION OF THE STATE,REFORMA/MODERNIZACIÓN DEL ESTADO,RM-DES,DECENTRALIZATION & INTERGOVERNMENTAL RELATIONS,DESCENTRALIZACIÓN Y RELACIONES INTERGUBERNAMENTALES,LON,Loan Operation,Operación de Préstamo,"The project's objective is to contribute to the fiscal sustainability of the State of Amapá through: (i) the modernization of fiscal management; (ii) upgrading of the tax administration; and (iii) better public expenditure management. This is the ninth individual loan operation under the PROFISCO II CCLIP (BR-X1039), approved by the Board of Executive Directors through Resolution DE-113/17.","El objetivo del proyecto es contribuir a la sostenibilidad fiscal del Estado de Amapá a través de: (i) la modernización de la gestión hacendaria; (ii) la mejora de la administración tributaria; y (iii) la mejora de la gestión del gasto público. El presente proyecto es la novena operación individual de préstamo bajo la CCLIP PROFISCO-II (BR-X1039), aprobada por el Directorio Ejecutivo mediante Resolución DE-113/17.",30000000,33000000,3000000,SG,Sovereign Guaranteed,SG,ESP,ESP (Specific Investment Operation),ESP (Operación de inversión específica),,,,C,Likely to cause minimal or no negative environmental and associated social impacts,Probablemente cause un mínimo o ningún impacto ambiental negativo y social asociado
BR-L1599,Fiscal Sustainability Support Program for the Estado do Rio Grande do Sul Pro-Sustainability RS,Programa de Apoyo a la Sostenibilidad Fiscal del Estado do Rio Grande do Sul Pro-Sostenibilidad RS,9/27/2023 0:00,12/29/2023 0:00,BR,Brazil,Brasil,Implementation,Implementación,RM,REFORM / MODERNIZATION OF THE STATE,REFORMA/MODERNIZACIÓN DEL ESTADO,RM-FIN,PUBLIC EXPENDITURE MANAGEMENT,GESTIÓN DEL GASTO PÚBLICO,LON,Loan Operation,Operación de Préstamo,"Contribute to the fiscal consolidation of the Estado do Rio Grande do Sul through the following specific objectives: (i) strengthening of the management of precatórios, and (ii) improvement of the management of public spending on personnel.",Contribuir a la sostenibilidad fiscal del Estado do Rio Grande do Sul a través de los siguientes objetivos específicos de desarrollo: (i) fortalecimiento de la gestión de precatórios; y (ii) mejora de la gestión del gasto público en personal.,500000000,500000000,0,SG,Sovereign Guaranteed,SG,LBR,LBR (Loan Based on Results),LBR (Préstamo basado en resultados),,,,C,Likely to cause minimal or no negative environmental and associated social impacts,Probablemente cause un mínimo o ningún impacto ambiental negativo y social asociado
BR-L1592,Financial Development Program of the Federal District (PRODEFAZ/PROFISCO II),Programa de Desarrollo Hacendario del Distrito Federal (PRODEFAZ/PROFISCO II),11/30/2022 0:00,12/30/2024 0:00,BR,Brazil,Brasil,Implementation,Implementación,RM,REFORM / MODERNIZATION OF THE STATE,REFORMA/MODERNIZACIÓN DEL ESTADO,RM-DES,DECENTRALIZATION & INTERGOVERNMENTAL RELATIONS,DESCENTRALIZACIÓN Y RELACIONES INTERGUBERNAMENTALES,LON,Loan Operation,Operación de Préstamo,The project objective is to contribute to the state's fiscal sustainability by: (i) modernizing fiscal management; (ii) improving tax administration; and (iii) improving public expenditure management. This is an individual loan operation under the PROFISCO II CCLIP (BR-X1039) approved by the Board of Executive Directors through Resolution DE-113/17.,El objetivo del proyecto es contribuir a la sostenibilidad fiscal del estado a travésde: (i) la modernización de la gestión hacendaria; (ii) la mejora de la administración tributaria; y (iii) la mejora de lagestión del gasto público.El presente proyecto es una operación individual de préstamo bajo la CCLIP-PROFISCO II (BR-X1039)aprobada por el Directorio Ejecutivo mediante Resolución DE-113/17.,72700000,80000000,7300000,SG,Sovereign Guaranteed,SG,ESP,ESP (Specific Investment Operation),ESP (Operación de inversión específica),,,,C,Likely to cause minimal or no negative environmental and associated social impacts,Probablemente cause un mínimo o ningún impacto ambiental negativo y social asociado
BL-L1038,Strengthening Public Expenditure Management in Belize,Fortalecimiento de la Gestión del Gasto Público en Belice,9/29/2021 0:00,5/27/2022 0:00,BL,Belize,Belice,Implementation,Implementación,RM,REFORM / MODERNIZATION OF THE STATE,REFORMA/MODERNIZACIÓN DEL ESTADO,RM-FIS,FISCAL POLICY FOR SUSTAINABILITY AND GROWTH,POLÍTICA FISCAL PARA LA SOSTENIBILIDAD Y EL CRECIMIENTO,LON,Loan Operation,Operación de Préstamo,The general objective is to promote the fiscal sustainability of Belize.,El objetivo general es promover la sostenibilidad fiscal de Belice.,8000000,8000000,0,SG,Sovereign Guaranteed,SG,ESP,ESP (Specific Investment Operation),ESP (Operación de inversión específica),,,,C,Likely to cause minimal or no negative environmental and associated social impacts,Probablemente cause un mínimo o ningún impacto ambiental negativo y social asociado
BR-L1614,Fiscal Management Modernization Project for the State of Tocantins - PROFISCO II TO,Proyecto de Modernización de la Gestión Fiscal del Estado de Tocantins - PROFISCO II TO,4/5/2024 0:00,5/13/2025 0:00,BR,Brazil,Brasil,Implementation,Implementación,RM,REFORM / MODERNIZATION OF THE STATE,REFORMA/MODERNIZACIÓN DEL ESTADO,RM-DES,DECENTRALIZATION & INTERGOVERNMENTAL RELATIONS,DESCENTRALIZACIÓN Y RELACIONES INTERGUBERNAMENTALES,LON,Loan Operation,Operación de Préstamo,Contribute to the fiscal sustainability of Tocantins.,Contribuir a la sostenibilidad fiscal de Tocantins.,42500000,47000000,4500000,SG,Sovereign Guaranteed,SG,ESP,ESP (Specific Investment Operation),ESP (Operación de inversión específica),,,,C,Likely to cause minimal or no negative environmental and associated social impacts,Probablemente cause un mínimo o ningún impacto ambiental negativo y social asociado
AR-L1248,Provincial Management Strengthening Program,Programa de Fortalecimiento de la Gestión Provincial,12/5/2016 0:00,2/22/2017 0:00,AR,Argentina,Argentina,Implementation,Implementación,RM,REFORM / MODERNIZATION OF THE STATE,REFORMA/MODERNIZACIÓN DEL ESTADO,RM-DES,DECENTRALIZATION & INTERGOVERNMENTAL RELATIONS,DESCENTRALIZACIÓN Y RELACIONES INTERGUBERNAMENTALES,LON,Loan Operation,Operación de Préstamo,"The general objective of this operation is to contribute to growth and private sector employment in the provinces by improving the management of revenue, expenditure, and public investment, and by implementing investment projects. The interaction between strengthening actions and public investment projects will help to: (i) create incentives for improving fiscal management by linking it with project financing; and (ii) ensure that improvements in the management of provincial investment are implemented. The operation's specific objectives at the provincial level are to: (i) increase provincial revenue, with a focus on the real estate tax; (ii) improve the management and targeting of provincial public expenditure; (iii) strengthen investment management; (iv) finance investment projects in strategic sectors, increasing private sector employment; and (v) provide support in the design of fiscal federalism reforms.","El objetivo general de esta operación es contribuir al crecimiento y el empleo privado provincial, a través de la mejora de la gestión de los ingresos, gastos y de la inversión pública, y la implementación de proyectos de inversión. La interacción entre las acciones de fortalecimiento y los proyectos de inversión pública permitirá: (i) incentivar las mejoras en la gestión fiscal, a través de su vinculación con el financiamiento de proyectos; y (ii) asegurar que las mejoras en la gestión de la inversión provincial sean implementadas. La operación tiene como objetivos específicos a nivel provincial: (i) incrementar los ingresos provinciales, con foco en el impuesto inmobiliario; (ii) mejorar la gestión y focalización del gasto público provincial; (iii) fortalecer la gestión de la inversión; (iv) financiar proyectos de inversión en sectores estratégicos y así incrementar el empleo privado; y (v) apoyar en el diseño de reformas del Federalismo Fiscal.",120000000,141200000,21200000,SG,Sovereign Guaranteed,SG,ESP,ESP (Specific Investment Operation),ESP (Operación de inversión específica),,,,B13,Uncategorized Directive B.13,Directiva B.13 no categorizada
BR-L1535,Fiscal Management Modernization Project for the State of Paraíba - PROFISCO II PB,Proyecto de Modernización de la Gestión Fiscal del Estado de Paraíba - PROFISCO II PB,12/9/2020 0:00,12/13/2021 0:00,BR,Brazil,Brasil,Implementation,Implementación,RM,REFORM / MODERNIZATION OF THE STATE,REFORMA/MODERNIZACIÓN DEL ESTADO,RM-FIS,FISCAL POLICY FOR SUSTAINABILITY AND GROWTH,POLÍTICA FISCAL PARA LA SOSTENIBILIDAD Y EL CRECIMIENTO,LON,Loan Operation,Operación de Préstamo,"The general objective of the project is to contribute to fiscal sustainability, through:(i) the modernization of fiscal management; (ii) upgrading of the tax administration, and (iii) better public expenditure management.",El objetivo del proyecto es contribuir a la sostenibilidad fiscal del Estado de Paraíba a través de los siguientes objetivos específicos: (i) la modernización de la gestión hacendaria; (ii) la mejora de la administración tributaria; y (iii) la mejora de la gestión del gasto público.,38412000,42680000,4268000,SG,Sovereign Guaranteed,SG,ESP,ESP (Specific Investment Operation),ESP (Operación de inversión específica),,,,C,Likely to cause minimal or no negative environmental and associated social impacts,Probablemente cause un mínimo o ningún impacto ambiental negativo y social asociado
CH-L1178,Program to Improve the Quality of Expenditure in Public Procurement,Programa de Mejora de la Calidad del Gasto en las Compras Públicas,3/19/2024 0:00,9/11/2024 0:00,CH,Chile,Chile,Implementation,Implementación,RM,REFORM / MODERNIZATION OF THE STATE,REFORMA/MODERNIZACIÓN DEL ESTADO,RM-FIN,PUBLIC EXPENDITURE MANAGEMENT,GESTIÓN DEL GASTO PÚBLICO,LON,Loan Operation,Operación de Préstamo,The general development objective of the program is to improve the efficiency and transparency of the State's public procurement spending. The specific development objective is to improve the efficiency and transparency of the Public Sector Purchasing and Contracting System (SCCP).,El objetivo general de desarrollo del programa es mejorar la eficiencia y transparencia del gasto en compras públicas del Estado. El objetivo específico de desarrollo es mejorar la eficiencia y transparencia del Sistema de Compras y Contrataciones del Sector Público (SCCP).,20000000,20000000,,SG,Sovereign Guaranteed,SG,ESP,ESP (Specific Investment Operation),ESP (Operación de inversión específica),,,,C,Likely to cause minimal or no negative environmental and associated social impacts,Probablemente cause un mínimo o ningún impacto ambiental negativo y social asociado
BR-L1377,National Prog. to Support the Adm and Fiscal Manag Brazilian MunicipiosPNAFM III,Prog. Nacional de Apoyo a la Gestión Adm y Fiscal Municipios Brasileños PNAFMIII,12/15/2014 0:00,12/28/2017 0:00,BR,Brazil,Brasil,Implementation,Implementación,RM,REFORM / MODERNIZATION OF THE STATE,REFORMA/MODERNIZACIÓN DEL ESTADO,RM-FIS,FISCAL POLICY FOR SUSTAINABILITY AND GROWTH,POLÍTICA FISCAL PARA LA SOSTENIBILIDAD Y EL CRECIMIENTO,LON,Loan Operation,Operación de Préstamo,"To contribute to the integration of municipal treasuries as well as to the modernization of fiscal, financial, and asset management, in order to make the existing system more effective, in compliance with Brazilian constitutional and legal provisions.","Contribuir a la integración de las administraciones fiscales y a la modernización de la gestión fiscal, financiera y patrimonial, aumentando la efectividad del sistema fiscal vigente, en cumplimiento de las normas constitucionales y legales brasileñas.",150000000,166700000,16700000,SG,Sovereign Guaranteed,SG,ESP,ESP (Specific Investment Operation),ESP (Operación de inversión específica),,,,C,Likely to cause minimal or no negative environmental and associated social impacts,Probablemente cause un mínimo o ningún impacto ambiental negativo y social asociado
BR-L1534,Fiscal Management Modernization Project for the State of Rio Grande do Sul – PROFISCO II – RS,Proyecto de Mejora y Fortalecimiento de la Gestión Fiscal del Estado de Rio Grande do Sul - PROFISCO II-RS,12/18/2019 0:00,12/7/2020 0:00,BR,Brazil,Brasil,Implementation,Implementación,RM,REFORM / MODERNIZATION OF THE STATE,REFORMA/MODERNIZACIÓN DEL ESTADO,RM-FIS,FISCAL POLICY FOR SUSTAINABILITY AND GROWTH,POLÍTICA FISCAL PARA LA SOSTENIBILIDAD Y EL CRECIMIENTO,LON,Loan Operation,Operación de Préstamo,"To contribute to the sustainability of fiscal management, through the modernization of the fiscal management, the tax administration and tax litigation and the financial administration of public spending, in compliance with the state strategic guidelines.","Contribuir a la sostenibilidad de la gestión fiscal, a través del perfeccionamiento de la gestión hacendaria, de la administración tributaria y contencioso fiscal y de la administración financiera del gasto público, atendiendo a las directrices estratégicas estatales.",60000000,66700000,6700000,SG,Sovereign Guaranteed,SG,ESP,ESP (Specific Investment Operation),ESP (Operación de inversión específica),,,,C,Likely to cause minimal or no negative environmental and associated social impacts,Probablemente cause un mínimo o ningún impacto ambiental negativo y social asociado
EC-L1230,PROGRAM TO ENHANCE FISCAL CAPACITY FOR PUBLIC INVESTMENT,PROGRAMA DE LA MEJORA DE LA CAPACIDAD FISCAL PARA LA INVERSIÓN PÚBLICA,11/14/2018 0:00,4/10/2019 0:00,EC,Ecuador,Ecuador,Implementation,Implementación,RM,REFORM / MODERNIZATION OF THE STATE,REFORMA/MODERNIZACIÓN DEL ESTADO,RM-FIS,FISCAL POLICY FOR SUSTAINABILITY AND GROWTH,POLÍTICA FISCAL PARA LA SOSTENIBILIDAD Y EL CRECIMIENTO,LON,Loan Operation,Operación de Préstamo,The general objective is to increase the participation of private resources in public investment in infrastructure and services at the national and subnational level. The specific objectives are to: (i) strengthen public investment fiscal management instruments through public-private partnerships (PPPs); (ii) increase the amount of public investment structured and tendered under the PPP modality at the national level; and (iii) increase the amount of public investment structured and tendered under the PPP modality among the decentralized autonomous governments (GADs).,El objetivo general es incrementar la participación de recursos privados en laInversión Pública (IP) en infraestructura y servicios a nivel nacional y subnacional. Los objetivos específicos son: (i)fortalecer los instrumentos de gestión fiscal de la IP a través de Asociaciones Público-Privadas (APP); (ii) incrementar elmonto de inversión estructurada y licitada bajo modalidad de APP a nivel nacional; y (iii) incrementar el monto de IPestructurada y licitada bajo modalidad APP de los Gobiernos Autónomos Descentralizados (GAD).,50000000,61757456,11757456,SG,Sovereign Guaranteed,SG,ESP,ESP (Specific Investment Operation),ESP (Operación de inversión específica),,,,B13,Uncategorized Directive B.13,Directiva B.13 no categorizada
BR-L1501,Fiscal Management Enhancement Project for the State of Pernambuco – PROFISCO II-PE,Proyecto de Mejora de la Gestión Fiscal del Estado de Pernambuco – PROFISCO II-PE,6/28/2018 0:00,9/30/2019 0:00,BR,Brazil,Brasil,Implementation,Implementación,RM,REFORM / MODERNIZATION OF THE STATE,REFORMA/MODERNIZACIÓN DEL ESTADO,RM-FIS,FISCAL POLICY FOR SUSTAINABILITY AND GROWTH,POLÍTICA FISCAL PARA LA SOSTENIBILIDAD Y EL CRECIMIENTO,LON,Loan Operation,Operación de Préstamo,The project objective is to contribute to the State's fiscal sustainability through: (i) modernization of fiscal management;(ii) improvement of tax administration; and (iii) improvement of public expenditure management. This project is the fifth individualloan operation under the PROFISCO II CCLIP (BR-X1039) approved by the Board of Executive Directors through Resolution DE-113/17.,"El objetivo del proyecto es contribuir a la sostenibilidad fiscal del Estado a través de:(i) la modernización de la gestión hacendaria; (ii) la mejora de la administración tributaria; y (iii) la mejora de la gestión delgasto público.El presente proyecto es la quinta operación individual de préstamo bajo la CCLIP PROFISCO II (BR-X1039), aprobadapor el Directorio Ejecutivo mediante Resolución DE-113/17.",37000000,44400000,7400000,SG,Sovereign Guaranteed,SG,ESP,ESP (Specific Investment Operation),ESP (Operación de inversión específica),,,,C,Likely to cause minimal or no negative environmental and associated social impacts,Probablemente cause un mínimo o ningún impacto ambiental negativo y social asociado
BR-L1513,Fiscal Management Modernization Project for the State of Santa Catarina – PROFISCO II SC,Proyecto de Modernización de la Gestión Fiscal del Estado de Santa Catarina - PROFISCO II SC,5/24/2023 0:00,12/27/2023 0:00,BR,Brazil,Brasil,Implementation,Implementación,RM,REFORM / MODERNIZATION OF THE STATE,REFORMA/MODERNIZACIÓN DEL ESTADO,RM-FIS,FISCAL POLICY FOR SUSTAINABILITY AND GROWTH,POLÍTICA FISCAL PARA LA SOSTENIBILIDAD Y EL CRECIMIENTO,LON,Loan Operation,Operación de Préstamo,The general development objective of the project is to contribute to the fiscal sustainability of the SC through the following specific development objectives: (i) modernization of treasury management; (ii) improvement of tax administration; and (iii) improvement of public spending management.,El objetivo general de desarrollo del proyecto es contribuir a la sostenibilidad fiscal del SC a través de los siguientes objetivos de desarrollo específicos: (i) la modernización de la gestión hacendaria; (ii) la mejora de la administración tributaria; y (iii) la mejora de la gestión del gasto público.,50000000,55600000,5600000,SG,Sovereign Guaranteed,SG,ESP,ESP (Specific Investment Operation),ESP (Operación de inversión específica),,,,C,Likely to cause minimal or no negative environmental and associated social impacts,Probablemente cause un mínimo o ningún impacto ambiental negativo y social asociado
BR-L1540,Fiscal Management Modernization Project for the State of Alagoas - PROFISCO II AL,Proyecto de Modernización de la Gestión Fiscal del Estado de Alagoas – PROFISCO II AL,9/15/2021 0:00,8/29/2023 0:00,BR,Brazil,Brasil,Implementation,Implementación,RM,REFORM / MODERNIZATION OF THE STATE,REFORMA/MODERNIZACIÓN DEL ESTADO,RM-FIS,FISCAL POLICY FOR SUSTAINABILITY AND GROWTH,POLÍTICA FISCAL PARA LA SOSTENIBILIDAD Y EL CRECIMIENTO,LON,Loan Operation,Operación de Préstamo,The project objective is to contribute to the state's fiscal sustainability through:(i) modernization of fiscal management; (ii) improvement of tax administration; and (iii) improvement of public expenditure management.,El objetivo del proyecto es contribuir a la sostenibilidad fiscal del estado a través de: (i) la modernización de la gestión hacendaria; (ii) la mejora de la administración tributaria; y (iii) la mejora de la gestión del gasto público.,36000000,40000000,4000000,SG,Sovereign Guaranteed,SG,ESP,ESP (Specific Investment Operation),ESP (Operación de inversión específica),,,,C,Likely to cause minimal or no negative environmental and associated social impacts,Probablemente cause un mínimo o ningún impacto ambiental negativo y social asociado
PE-L1278,Improvement of Subnational Public Finance Management for Fiscal Sustainability,Mejoramiento de la Gestión de las Finanzas Públicas Subnacionales para la Sostenibilidad Fiscal,4/10/2024 0:00,12/12/2025 0:00,PE,Peru,Perú,Implementation,Implementación,RM,REFORM / MODERNIZATION OF THE STATE,REFORMA/MODERNIZACIÓN DEL ESTADO,RM-DES,DECENTRALIZATION & INTERGOVERNMENTAL RELATIONS,DESCENTRALIZACIÓN Y RELACIONES INTERGUBERNAMENTALES,LON,Loan Operation,Operación de Préstamo,"The specific objectives of this operation are: (i) improve the effectiveness of subnational revenue management, through an expansion of the property tax tax base; and (ii) improve subnational debt management.","Los objetivos específicos de esta operación son: (i) mejorar la efectividad en la gestión de los ingresos subnacionales, a través de una ampliación de la base fiscal del impuesto predial; y (ii) mejorar la gestión de la deuda subnacional.",35000000,45500000,10500000,SG,Sovereign Guaranteed,SG,ESP,ESP (Specific Investment Operation),ESP (Operación de inversión específica),,,,C,Likely to cause minimal or no negative environmental and associated social impacts,Probablemente cause un mínimo o ningún impacto ambiental negativo y social asociado
PN-L1161,Program to Support the Digital Transformation of the Tax Administration in Panama.,Programa de Apoyo a la Transformacion Digital de la Administración Tributaria en Panamá,9/30/2020 0:00,11/25/2020 0:00,PN,Panama,Panamá,Implementation,Implementación,RM,REFORM / MODERNIZATION OF THE STATE,REFORMA/MODERNIZACIÓN DEL ESTADO,RM-FIS,FISCAL POLICY FOR SUSTAINABILITY AND GROWTH,POLÍTICA FISCAL PARA LA SOSTENIBILIDAD Y EL CRECIMIENTO,LON,Loan Operation,Operación de Préstamo,The general objective of the Program is to increase tax revenue collections and to lower taxpayers' compliance,El objetivo general es aumentar la capacidad del estado por medio del incremento de la recaudación tributaria.,40000000,40000000,0,SG,Sovereign Guaranteed,SG,ESP,ESP (Specific Investment Operation),ESP (Operación de inversión específica),,,,C,Likely to cause minimal or no negative environmental and associated social impacts,Probablemente cause un mínimo o ningún impacto ambiental negativo y social asociado
BR-L1517,Fiscal Management Modernization Project for the State of ESPÍRITO SANTO - PROFISCO II – ES,Proyecto de Modernización de la Gestión Fiscal del Estado de ESPIRITO SANTO – PROFISCO II-ES,1/23/2019 0:00,12/28/2021 0:00,BR,Brazil,Brasil,Implementation,Implementación,RM,REFORM / MODERNIZATION OF THE STATE,REFORMA/MODERNIZACIÓN DEL ESTADO,RM-FIS,FISCAL POLICY FOR SUSTAINABILITY AND GROWTH,POLÍTICA FISCAL PARA LA SOSTENIBILIDAD Y EL CRECIMIENTO,LON,Loan Operation,Operación de Préstamo,"The project objective is to contribute to the state's fiscal sustainability through:(i) modernization of fiscal management; (ii) improvement of tax administration; and (iii) improvement of public expenditure management. This project is the eighth individual loan operation under the PROFISCO II CCLIP(BR-X1039), approved by the Executive Board through Resolution DE-113/17","El objetivo del proyecto es contribuir a la sostenibilidad fiscal del estado a travésde: (i) la modernización de la gestión hacendaria; (ii) la mejora de la administración tributaria; y (iii) la mejora de lagestión del gasto público. El presente proyecto es la octava operación individual de préstamo bajo la CCLIPPROFISCO II (BR-X1039), aprobada por el Directorio Ejecutivo mediante Resolución DE-113/17.",37800000,42000000,4200000,SG,Sovereign Guaranteed,SG,ESP,ESP (Specific Investment Operation),ESP (Operación de inversión específica),,,,C,Likely to cause minimal or no negative environmental and associated social impacts,Probablemente cause un mínimo o ningún impacto ambiental negativo y social asociado
ME-L1309,Program to Strengthen the Fiscal Performance of Subnational Governments,Programa de Fortalecimiento del Desempeño Fiscal de los Gobiernos Subnacionales,12/10/2025 0:00,,ME,Mexico,México,Implementation,Implementación,RM,REFORM / MODERNIZATION OF THE STATE,REFORMA/MODERNIZACIÓN DEL ESTADO,RM-FIS,FISCAL POLICY FOR SUSTAINABILITY AND GROWTH,POLÍTICA FISCAL PARA LA SOSTENIBILIDAD Y EL CRECIMIENTO,LON,Loan Operation,Operación de Préstamo,The overall development objective of the CCLIP and the first operation is to improve subnational fiscal sustainability. The specific development objectives of the CCLIP and the first operation are: (i) to improve the management of own revenue collection; (ii) to increase spending efficiency; and (iii) to improve financial solvency.,"El objetivo general de desarrollo de la CCLIP y de la primera operación es mejorar la sostenibilidad fiscal subnacional. Los objetivos específicos de desarrollo de la CCLIP y de la primera operación son: (i) mejorar la gestión de la recaudación de ingresos propios, (ii) aumentar la eficiencia del gasto; y (iii) mejorar la solvencia financiera.",500000000,500000000,0,SG,Sovereign Guaranteed,SG,ESP,ESP (Specific Investment Operation),ESP (Operación de inversión específica),,,,C,Likely to cause minimal or no negative environmental and associated social impacts,Probablemente cause un mínimo o ningún impacto ambiental negativo y social asociado
BR-L1516,Fiscal Management Modernization Project for the State of São Paulo - PROFISCO II SP,Proyecto de Modernización de la Gestión Fiscal del Estado de São Paulo - PROFISCO II SP,12/6/2018 0:00,11/21/2019 0:00,BR,Brazil,Brasil,Implementation,Implementación,RM,REFORM / MODERNIZATION OF THE STATE,REFORMA/MODERNIZACIÓN DEL ESTADO,RM,REFORM / MODERNIZATION OF THE STATE,REFORMA/MODERNIZACIÓN DEL ESTADO,LON,Loan Operation,Operación de Préstamo,The project objective is to contribute to the state's fiscal sustainability by: (i) modernizing fiscal management; (ii) improving tax administration; and (iii) improving public expenditure management.This is the seventh individual loan operation under the PROFISCO II CCLIP (BR-X1039) approved by the Board of Executive Directors through Resolution DE-113/17.,El objetivo del proyecto es contribuir a la sostenibilidad fiscal del estado a travésde: (i) la modernización de la gestión hacendaria; (ii) la mejora de la administración tributaria; y (iii) la mejora de lagestión del gasto público.El presente proyecto es la séptima operación individual de préstamo bajo la CCLIP-PROFISCO II (BR-X1039)aprobada por el Directorio Ejecutivo mediante Resolución DE-113/17.,87120000,96800000,9680000,SG,Sovereign Guaranteed,SG,ESP,ESP (Specific Investment Operation),ESP (Operación de inversión específica),,,,C,Likely to cause minimal or no negative environmental and associated social impacts,Probablemente cause un mínimo o ningún impacto ambiental negativo y social asociado
BR-L1658,Fiscal Management Modernization Program of the Ministry of Finance - PROFISCO III MF,Programa de Modernización de la Gestión Fiscal del Ministerio de Hacienda - PROFISCO III MF,12/10/2025 0:00,,BR,Brazil,Brasil,Implementation,Implementación,RM,REFORM / MODERNIZATION OF THE STATE,REFORMA/MODERNIZACIÓN DEL ESTADO,RM-REA,REVENUE ADMINISTRATION,ADMINISTRACIÓN DE INGRESOS,LON,Loan Operation,Operación de Préstamo,"The general development objective is to contribute to the fiscal sustainability of the Federal Government (GF), through the specific development objectives of: (i) improving the effectiveness of revenue management and (ii) improving the effectiveness of public expenditure management.","El objetivo general de desarrollo es contribuir a la sostenibilidad fiscal del Gobierno Federal (GF), a través de los objetivos específicos de desarrollo de: (i) mejorar la efectividad de la gestión del ingreso; y (ii) mejorar la efectividad de la gestión del gasto público.",278000000,305800000,27800000,SG,Sovereign Guaranteed,SG,ESP,ESP (Specific Investment Operation),ESP (Operación de inversión específica),,,,C,Likely to cause minimal or no negative environmental and associated social impacts,Probablemente cause un mínimo o ningún impacto ambiental negativo y social asociado
CO-L1245,Program to Support the Modernization of the National Tax and Customs Directorate,Programa de Apoyo a la Modernización de la Dirección de Impuestos y Aduanas Nacionales,11/6/2020 0:00,12/24/2020 0:00,CO,Colombia,Colombia,Implementation,Implementación,RM,REFORM / MODERNIZATION OF THE STATE,REFORMA/MODERNIZACIÓN DEL ESTADO,RM-REA,REVENUE ADMINISTRATION,ADMINISTRACIÓN DE INGRESOS,LON,Loan Operation,Operación de Préstamo,"Improve tax collection levels through the technological and organizational modernization of the DIAN. The specific objectives are: (i) deepen and extend the digitalization of the management and control of tax collection, which began with the implementation of the electronic invoice; (ii) development and implementation of the electronic payroll; (iii) development and implementation of the electronic fiscal audit and intelligence; (iv) development of a comprehensive risk system for tax management; (v) development of an electronic system to control the movement of cargo.","Mejorar los niveles de recaudación tributaria, a través de la modernización tecnológica y organizacional de la DIAN. Los objetivos específicos son: (i) profundizar y extender la digitalización de la gestión y control de la recaudación tributaria, la cual que se inició con la implantación de la factura electrónica; (ii) desarrollo e implementación de la nómina electrónica; (iii) desarrollo e implementación de la fiscalización e inteligencia fiscal electrónica; (iv) desarrollo de un sistema de riesgo integral de la gestión tributaria; (v) desarrollo de un sistema electrónico de control de la movilización de carga.",250000000,250000000,0,SG,Sovereign Guaranteed,SG,ESP,ESP (Specific Investment Operation),ESP (Operación de inversión específica),,,,C,Likely to cause minimal or no negative environmental and associated social impacts,Probablemente cause un mínimo o ningún impacto ambiental negativo y social asociado
PE-L1266,Project to Improve the Financial Administration of the Public Sector through Digital Transformation.,Proyecto de Mejoramiento de la Administración Financiera del Sector Público a través de la Transformación Digital.,7/14/2021 0:00,7/26/2021 0:00,PE,Peru,Perú,Implementation,Implementación,RM,REFORM / MODERNIZATION OF THE STATE,REFORMA/MODERNIZACIÓN DEL ESTADO,RM-FIN,PUBLIC EXPENDITURE MANAGEMENT,GESTIÓN DEL GASTO PÚBLICO,LON,Loan Operation,Operación de Préstamo,Improve the allocation and use of public resources through the implementation of a new financial management model for the public sector.,Mejorar la asignación y el uso de los recursos públicos a través de la implementación de un nuevo modelo de administración financiera del sector público.,74000000,92500000,18500000,SG,Sovereign Guaranteed,SG,ESP,ESP (Specific Investment Operation),ESP (Operación de inversión específica),,,,C,Likely to cause minimal or no negative environmental and associated social impacts,Probablemente cause un mínimo o ningún impacto ambiental negativo y social asociado
AR-L1285,Provincial Management Strengthening Program II,Programa de Fortalecimiento de la Gestión Provincial II,2/28/2019 0:00,9/4/2019 0:00,AR,Argentina,Argentina,Implementation,Implementación,RM,REFORM / MODERNIZATION OF THE STATE,REFORMA/MODERNIZACIÓN DEL ESTADO,RM-DES,DECENTRALIZATION & INTERGOVERNMENTAL RELATIONS,DESCENTRALIZACIÓN Y RELACIONES INTERGUBERNAMENTALES,LON,Loan Operation,Operación de Préstamo,"The operation's general objective, in keeping with the goal of the CCLIP, is to contribute to provincial fiscal sustainability and growth by improving revenue, expenditure, and public investment and implementing investment projects. Its specific objectives at the provincial level are to increase: (i) less distortion revenue as a share of total revenue; (ii) the efficiency of public expenditure management; and (iii) public investment.","La operacion tiene como objetivo general, en consonancia con el objetivo de la CCLIP,el de contribuir al crecimiento y sostenibilidad fiscal provincial a través de la mejora de los ingresos, gastos y de lainversión pública y la implementación de proyectos de inversión, y como objetivos específicos a nivel provincialincrementar: (i) la participación de ingresos de baja distorsión en los ingresos totales; (ii) la eficiencia de la gestión delgasto público; y (iii) la inversión pública.",150000000,200000000,0,SG,Sovereign Guaranteed,SG,ESP,ESP (Specific Investment Operation),ESP (Operación de inversión específica),,,,B13,Uncategorized Directive B.13,Directiva B.13 no categorizada
BR-L1527,Fiscal Management Modernization Project of the State of Paraná - PROFISCO II PR,Proyecto de Modernización de la Gestión Fiscal del Estado de Paraná - PROFISCO II PR,12/16/2019 0:00,9/30/2020 0:00,BR,Brazil,Brasil,Implementation,Implementación,RM,REFORM / MODERNIZATION OF THE STATE,REFORMA/MODERNIZACIÓN DEL ESTADO,RM-FIS,FISCAL POLICY FOR SUSTAINABILITY AND GROWTH,POLÍTICA FISCAL PARA LA SOSTENIBILIDAD Y EL CRECIMIENTO,LON,Loan Operation,Operación de Préstamo,"The project objective is to contribute to the state's fiscal sustainability through: (i) modernization of fiscal management; (ii) improvement of tax administration; and (iii) improvement of public expenditure management. This project is the tenth individual loan operation under the PROFISCO II CCLIP (BR-X1039), approved by the Board of Executive Directors pursuant to Resolution DE-113/17",El objetivo del proyecto es contribuir a la sostenibilidad fiscal del Estado a través de los siguientes objetivos específicos: (i) la modernización de la gestión hacendaria; (ii) la mejora de la administración tributaria; y (iii) la mejora de la gestión del gasto público. El presente proyecto es la décima operación individual de préstamo bajo la CCLIP-PROFISCO II (BR-X1039) aprobada por el Directorio Ejecutivo mediante Resolución DE-113/17.,50000000,55000000,5000000,SG,Sovereign Guaranteed,SG,ESP,ESP (Specific Investment Operation),ESP (Operación de inversión específica),,,,C,Likely to cause minimal or no negative environmental and associated social impacts,Probablemente cause un mínimo o ningún impacto ambiental negativo y social asociado
BR-L1550,Fiscal Management Modernization Project for the State of Sergipe – PROFISCO II/SE,Proyecto de Modernización de la Gestión Fiscal del Estado de Sergipe – PROFISCO II/SE,11/19/2021 0:00,11/29/2022 0:00,BR,Brazil,Brasil,Implementation,Implementación,RM,REFORM / MODERNIZATION OF THE STATE,REFORMA/MODERNIZACIÓN DEL ESTADO,RM-FIS,FISCAL POLICY FOR SUSTAINABILITY AND GROWTH,POLÍTICA FISCAL PARA LA SOSTENIBILIDAD Y EL CRECIMIENTO,LON,Loan Operation,Operación de Préstamo,The project objective is to contribute to the state's of Sergipe fiscal sustainability through:(i) modernization of fiscal management; (ii) improvement of tax administration; and (iii) improvement of public expenditure management.,El objetivo del proyecto es contribuir a la sostenibilidad fiscal del estado de Sergipe a través de: (i) la modernización de la gestión hacendaria; (ii) la mejora de la administración tributaria; y (iii) la mejora de la gestión del gasto público.,27900000,30690000,2790000,SG,Sovereign Guaranteed,SG,ESP,ESP (Specific Investment Operation),ESP (Operación de inversión específica),,,,C,Likely to cause minimal or no negative environmental and associated social impacts,Probablemente cause un mínimo o ningún impacto ambiental negativo y social asociado
PE-L1239,Improving Tax and Customs Revenue Collection Services Through Digital Transformation,Mejoramiento de los Servicios de Recaudación Tributaria y Aduanera a través de la Transformación Digital,12/14/2018 0:00,2/15/2019 0:00,PE,Peru,Perú,Implementation,Implementación,RM,REFORM / MODERNIZATION OF THE STATE,REFORMA/MODERNIZACIÓN DEL ESTADO,RM-FIS,FISCAL POLICY FOR SUSTAINABILITY AND GROWTH,POLÍTICA FISCAL PARA LA SOSTENIBILIDAD Y EL CRECIMIENTO,LON,Loan Operation,Operación de Préstamo,"The project's general objective is to improve tax and customs collection services through digital transformation. The specific objectives are to: (i) improve SUNAT's institutional governance model, which will enhance tax collection efficiency; (ii) improve the efficiency of tax and customs control and services; and (iii) improve fiscal intelligence and risk management for tax and customs information","El objetivo general del programa es mejorar los servicios de recaudación tributariay aduanera, a través de la transformación digital. Los objetivos específicos son: (i) mejorar el modelo de gobernanza institucional de la SUNAT que contribuya a la eficiencia de la recaudación tributaria; (ii) mejorar la eficiencia del controly servicio tributario y aduanero; y (iii) mejorar la inteligencia fiscal y de la gestión del riesgo de la información tributaria y aduanera",50000000,100682509,50682509,SG,Sovereign Guaranteed,SG,ESP,ESP (Specific Investment Operation),ESP (Operación de inversión específica),,,,C,Likely to cause minimal or no negative environmental and associated social impacts,Probablemente cause un mínimo o ningún impacto ambiental negativo y social asociado
PR-L1192,Program for Consolidation of the National Income Tax Office (DNIT),Programa de Consolidación de la Dirección Nacional de Ingresos Tributarios (DNIT),11/1/2024 0:00,1/30/2025 0:00,PR,Paraguay,Paraguay,Implementation,Implementación,RM,REFORM / MODERNIZATION OF THE STATE,REFORMA/MODERNIZACIÓN DEL ESTADO,RM-REA,REVENUE ADMINISTRATION,ADMINISTRACIÓN DE INGRESOS,LON,Loan Operation,Operación de Préstamo,"Improve the capacity to generate tax and customs revenues, through the specific objective of improving the efficiency of DNIT operations.","Mejorar la capacidad de generación de ingresos tributarios y aduaneros, a través del objetivo específico de mejorar la eficiencia de las operaciones de la DNIT.",30000000,30000000,,SG,Sovereign Guaranteed,SG,ESP,ESP (Specific Investment Operation),ESP (Operación de inversión específica),,,,C,Likely to cause minimal or no negative environmental and associated social impacts,Probablemente cause un mínimo o ningún impacto ambiental negativo y social asociado
BR-L1533,Fiscal Management Modernization Project for the State of Bahia – PROFISCO II – BA,Proyecto de Modernización de la Gestión Fiscal del Estado de Bahia ― PROFISCO II - BA,1/15/2020 0:00,4/19/2022 0:00,BR,Brazil,Brasil,Implementation,Implementación,RM,REFORM / MODERNIZATION OF THE STATE,REFORMA/MODERNIZACIÓN DEL ESTADO,RM-FIS,FISCAL POLICY FOR SUSTAINABILITY AND GROWTH,POLÍTICA FISCAL PARA LA SOSTENIBILIDAD Y EL CRECIMIENTO,LON,Loan Operation,Operación de Préstamo,"To contribute to the sustainability of fiscal management, through the modernization of the fiscal management, the tax administration and tax litigation and the financial administration of public spending, in compliance with the state strategic guidelines.","Contribuir a la sostenibilidad de la gestión fiscal, a través del perfeccionamiento de la gestión hacendaria, de la administración tributaria y contencioso fiscal y de la administración financiera del gasto público, atendiendo a las directrices estratégicas estatales.",40000000,44500000,4500000,SG,Sovereign Guaranteed,SG,ESP,ESP (Specific Investment Operation),ESP (Operación de inversión específica),,,,C,Likely to cause minimal or no negative environmental and associated social impacts,Probablemente cause un mínimo o ningún impacto ambiental negativo y social asociado
BR-L1539,Fiscal Management Modernization Project for the State of Mato Grosso - PROFISCO II - MT,Proyecto de Modernización de la Gestión Fiscal del Estado de Mato Grosso - PROFISCO II-MT,11/3/2021 0:00,5/26/2023 0:00,BR,Brazil,Brasil,Implementation,Implementación,RM,REFORM / MODERNIZATION OF THE STATE,REFORMA/MODERNIZACIÓN DEL ESTADO,RM-FIS,FISCAL POLICY FOR SUSTAINABILITY AND GROWTH,POLÍTICA FISCAL PARA LA SOSTENIBILIDAD Y EL CRECIMIENTO,LON,Loan Operation,Operación de Préstamo,"To contribute to the sustainability of fiscal management, through the modernization of the fiscal management, the tax administration and tax litigation and the financial administration of public spending, in compliance with the state strategic guidelines.","Contribuir a la sostenibilidad de la gestión fiscal, a través del perfeccionamiento de la gestión hacendaria, de la administración tributaria y contencioso fiscal y de la administración financiera del gasto público, atendiendo a las directrices estratégicas estatales.",56279900,62533221,6253321,SG,Sovereign Guaranteed,SG,ESP,ESP (Specific Investment Operation),ESP (Operación de inversión específica),,,,C,Likely to cause minimal or no negative environmental and associated social impacts,Probablemente cause un mínimo o ningún impacto ambiental negativo y social asociado
BR-L1643,Program for the Modernization of Fiscal Management of the State of Ceará - PROFISCO III CE,Programa de Modernización de la Gestión Fiscal del Estado de Ceará - PROFISCO III CE,8/29/2025 0:00,12/30/2025 0:00,BR,Brazil,Brasil,Implementation,Implementación,RM,REFORM / MODERNIZATION OF THE STATE,REFORMA/MODERNIZACIÓN DEL ESTADO,RM-SUB,SUBNATIONAL AND LOCAL GOVERNMENTS,GOBIERNOS SUBNACIONALES Y LOCALES,LON,Loan Operation,Operación de Préstamo,"The general development objective is to contribute to the fiscal sustainability of CE, through the specific development objectives of: (i) improving the effectiveness of revenue management; and (ii) improving the effectiveness of public expenditure management.","El objetivo general de desarrollo es contribuir a la sostenibilidad fiscal de CE, a través de los objetivos específicos de desarrollo de: (i) mejorar la efectividad de la gestión del ingreso; y (ii) mejorar la efectividad de la gestión del gasto público.",80000000,88000000,8000000,SG,Sovereign Guaranteed,SG,ESP,ESP (Specific Investment Operation),ESP (Operación de inversión específica),,,,C,Likely to cause minimal or no negative environmental and associated social impacts,Probablemente cause un mínimo o ningún impacto ambiental negativo y social asociado
BR-L1656,Fiscal Management Modernization Project of the State of Maranhão - PROFISCO III MA,Proyecto de Modernización de la Gestión Fiscal del Estado de Maranhão - PROFISCO III MA,5/22/2026 0:00,,BR,Brazil,Brasil,Implementation,Implementación,RM,REFORM / MODERNIZATION OF THE STATE,REFORMA/MODERNIZACIÓN DEL ESTADO,RM-SUB,SUBNATIONAL AND LOCAL GOVERNMENTS,GOBIERNOS SUBNACIONALES Y LOCALES,LON,Loan Operation,Operación de Préstamo,"The general development objective is to contribute to the fiscal sustainability of the State of Maranhão, through the specific development objectives of: (i) improving the effectiveness of income management; and (ii) improving the effectiveness of public spending management.","El objetivo general de desarrollo es contribuir a la sostenibilidad fiscal del Estado de Maranhão, a través de los objetivos específicos de desarrollo de: (i) mejorar la efectividad de la gestión del ingreso y (ii) mejorar la efectividad de la gestión del gasto público.",52875000,58750000,5875000,SG,Sovereign Guaranteed,SG,ESP,ESP (Specific Investment Operation),ESP (Operación de inversión específica),,,,C,Likely to cause minimal or no negative environmental and associated social impacts,Probablemente cause un mínimo o ningún impacto ambiental negativo y social asociado
PE-L1288,Program to Support Fiscal and Economic Recovery in Peru II,Programa de Apoyo a la Recuperación Fiscal y Económica de Perú II,6/26/2024 0:00,8/27/2024 0:00,PE,Peru,Perú,Implementation,Implementación,RM,REFORM / MODERNIZATION OF THE STATE,REFORMA/MODERNIZACIÓN DEL ESTADO,RM-FIS,FISCAL POLICY FOR SUSTAINABILITY AND GROWTH,POLÍTICA FISCAL PARA LA SOSTENIBILIDAD Y EL CRECIMIENTO,LON,Loan Operation,Operación de Préstamo,The general objective is to strengthen the sustainability of fiscal management in support of the economic recovery program. The specific objectives are to increase: (i) tax collection while preserving the liquidity of companies; (ii) public investment maintaining spending levels that allow economic and fiscal recovery; and (iii) the effectiveness of public spending.,El objetivo general es el fortalecimiento de la sostenibilidad de la gestión fiscal en apoyo al programa de recuperación económica. Los objetivos específicos son incrementar: (i) la recaudación tributaria preservando la liquidez de las empresas; (ii) la inversión pública manteniendo niveles de gasto que permitan la recuperación económica y fiscal; y (iii) la efectividad del gasto público.,600000000,600000000,,SG,Sovereign Guaranteed,SG,DDP,DDP (Deferred Drawdown Option PBP),DDP (Deferred Drawdown Option PBP),,,,N/A,,
SU-L1060,Fiscal Support Program to Regain Growth,Programa de Apoyo Fiscal para Reactivar el Crecimiento,12/14/2022 0:00,3/10/2023 0:00,SU,Suriname,Suriname,Implementation,Implementación,RM,REFORM / MODERNIZATION OF THE STATE,REFORMA/MODERNIZACIÓN DEL ESTADO,RM-FIS,FISCAL POLICY FOR SUSTAINABILITY AND GROWTH,POLÍTICA FISCAL PARA LA SOSTENIBILIDAD Y EL CRECIMIENTO,LON,Loan Operation,Operación de Préstamo,The objective of the program is to improve medium-term fiscal sustainability. The specific development objectives are: (i) increase tax revenue; (ii) improve budget planning and execution; and (iii) improve public investment management.,El objetivo del programa es mejorar la sostenibilidad fiscal a mediano plazo. Los objetivos específicos de desarrollo son: (i) incrementar la recaudación tributaria; (ii) mejorar la planificación y ejecución presupuestaria; y (iii) mejorar la gestión de la inversión pública.,50000000,50000000,0,SG,Sovereign Guaranteed,SG,ESP,ESP (Specific Investment Operation),ESP (Operación de inversión específica),,,,C,Likely to cause minimal or no negative environmental and associated social impacts,Probablemente cause un mínimo o ningún impacto ambiental negativo y social asociado
AR-L1416,Federal Tax Administration Reform Program,Programa de Reforma de la Administración Tributaria Federal,4/29/2026 0:00,,AR,Argentina,Argentina,Implementation,Implementación,RM,REFORM / MODERNIZATION OF THE STATE,REFORMA/MODERNIZACIÓN DEL ESTADO,RM-FIS,FISCAL POLICY FOR SUSTAINABILITY AND GROWTH,POLÍTICA FISCAL PARA LA SOSTENIBILIDAD Y EL CRECIMIENTO,LON,Loan Operation,Operación de Préstamo,"The overall objective of the development of the CCLIP and the first operation is to improve the effectiveness, efficiency, and transparency of public revenue management. The specific development objectives are: (i) to improve the governance and institutional capacity of the Revenue and Customs Control Agency (ARCA); and (ii) to strengthen tax revenue administration.","El objetivo general del desarrollo de la CCLIP y de la primera operación es mejorar la efectividad, eficiencia y transparencia de la gestión de ingresos públicos. Los objetivos específicos de desarrollo son: (i) mejorar la gobernanza y capacidad institucional de la Agencia de Recaudación y Control Aduanero (ARCA); y (ii) fortalecer la administración de ingresos tributarios.",100000000,100000000,,SG,Sovereign Guaranteed,SG,ESP,ESP (Specific Investment Operation),ESP (Operación de inversión específica),,,,C,Likely to cause minimal or no negative environmental and associated social impacts,Probablemente cause un mínimo o ningún impacto ambiental negativo y social asociado
BL-L1031,Strengthening of Tax Administration,Fortalecimiento de la Administración Tributaria,7/30/2019 0:00,11/1/2019 0:00,BL,Belize,Belice,Implementation,Implementación,RM,REFORM / MODERNIZATION OF THE STATE,REFORMA/MODERNIZACIÓN DEL ESTADO,RM-REA,REVENUE ADMINISTRATION,ADMINISTRACIÓN DE INGRESOS,LON,Loan Operation,Operación de Préstamo,"The main objective of the project is to strengthen tax administration to increase tax revenue collection, through the following specific objectives: (i) to increase the effectiveness of the government to collect taxes, through improvement in the tax administration governance; (ii) to increase the tax administration efficiency, through the improvement of operational processes; (iii) to reduce taxpayer compliance cost, through the modernization of technological infrastructure.","El objetivo principal del proyecto es fortalecer la administración tributaria para aumentar la recaudación de ingresos tributarios, a través de los siguientes objetivos específicos: (i) aumentar la efectividad del gobierno para recaudar impuestos, a través de la mejora en la gobernanza de la administración tributaria; (ii) aumentar la eficiencia de la administración tributaria, mediante la mejora de los procesos operacionales; (iii) reducir el costo de cumplimiento de los contribuyentes, a través de la modernización de la infraestructura tecnológica.",14000000,14000000,0,SG,Sovereign Guaranteed,SG,ESP,ESP (Specific Investment Operation),ESP (Operación de inversión específica),,,,C,Likely to cause minimal or no negative environmental and associated social impacts,Probablemente cause un mínimo o ningún impacto ambiental negativo y social asociado
PN-L1172,Fiscal Intelligence Program to Improve Spending Quality in Panama,Programa de Inteligencia Fiscal para Aumentar la Calidad del Gasto en Panamá,5/18/2022 0:00,7/11/2022 0:00,PN,Panama,Panamá,Implementation,Implementación,RM,REFORM / MODERNIZATION OF THE STATE,REFORMA/MODERNIZACIÓN DEL ESTADO,RM-FIS,FISCAL POLICY FOR SUSTAINABILITY AND GROWTH,POLÍTICA FISCAL PARA LA SOSTENIBILIDAD Y EL CRECIMIENTO,LON,Loan Operation,Operación de Préstamo,The general development objective is to increase the efficiency and equity of spending through the implementation of the Smart Tax Ecosystem.,El objetivo general de desarrollo es aumentar la eficiencia y equidad del gasto mediante la implementación del Ecosistema Fiscal Inteligente.,20000000,20000000,0,SG,Sovereign Guaranteed,SG,ESP,ESP (Specific Investment Operation),ESP (Operación de inversión específica),,,,C,Likely to cause minimal or no negative environmental and associated social impacts,Probablemente cause un mínimo o ningún impacto ambiental negativo y social asociado
UR-L1111,Program for Development and Strengthening of Fiscal and Subnational Service Management,Programa de Desarrollo y Fortalecimiento de la Gestión Fiscal y de Servicios Subnacionales,11/9/2016 0:00,7/6/2017 0:00,UR,Uruguay,Uruguay,Implementation,Implementación,RM,REFORM / MODERNIZATION OF THE STATE,REFORMA/MODERNIZACIÓN DEL ESTADO,RM-DES,DECENTRALIZATION & INTERGOVERNMENTAL RELATIONS,DESCENTRALIZACIÓN Y RELACIONES INTERGUBERNAMENTALES,LON,Loan Operation,Operación de Préstamo,"Specific objectives at the departmental government level are to: (i) raise real estate tax
revenues; (ii) improve the timeliness of departmental financial information; (iii) enhance the efficiency of investment
management; and (iv) implement investment projects that contribute to departmental development in terms of citizen
services","tiene como objetivos específicos a nivel de los GD: (i) incrementar los ingresos por
concepto de la contribución inmobiliaria; (ii) mejorar la oportunidad en la información financiera departamental;
(iii) mejorar la eficiencia en la gestión de la inversión; y (iv) implementar proyectos de inversión que contribuyan al
desarrollo departamental en términos de servicios al ciudadano",75000000,90000000,15000000,SG,Sovereign Guaranteed,SG,ESP,ESP (Specific Investment Operation),ESP (Operación de inversión específica),,,,B,Likely to cause mostly local and short-term negative environmental and associated social impacts and for which effective mitigation measures are readily available,"Es probable que cause impactos principalmente locales y ambientales negativos de corto plazo, para lo cual están disponibles  medidas de mitigación efectivas."
BR-L1629,Fiscal Management Modernization Program of the State of Amazonas - PROFISCO III AM,Programa de Modernización de la Gestión Fiscal del Estado de Amazonas - PROFISCO III AM,6/25/2025 0:00,,BR,Brazil,Brasil,Implementation,Implementación,RM,REFORM / MODERNIZATION OF THE STATE,REFORMA/MODERNIZACIÓN DEL ESTADO,RM-SUB,SUBNATIONAL AND LOCAL GOVERNMENTS,GOBIERNOS SUBNACIONALES Y LOCALES,LON,Loan Operation,Operación de Préstamo,"The general development objective is to contribute to the fiscal sustainability of the State of Amazonas, through the specific development objectives of: (i) improving the effectiveness of income management; and (ii) improving the effectiveness of public spending management.","El objetivo general de desarrollo es contribuir a la sostenibilidad fiscal del Estado de Amazonas, a través de los objetivos específicos de desarrollo de: (i) mejorar la efectividad de la gestión del ingreso y (ii) mejorar la efectividad de la gestión del gasto público.",30000000,33000000,3000000,SG,Sovereign Guaranteed,SG,ESP,ESP (Specific Investment Operation),ESP (Operación de inversión específica),,,,C,Likely to cause minimal or no negative environmental and associated social impacts,Probablemente cause un mínimo o ningún impacto ambiental negativo y social asociado
EC-L1251,State-Owned Enterprise Reform Support Program,Programa de Apoyo a la Reforma de Empresas Públicas,8/28/2019 0:00,11/18/2019 0:00,EC,Ecuador,Ecuador,Implementation,Implementación,RM,REFORM / MODERNIZATION OF THE STATE,REFORMA/MODERNIZACIÓN DEL ESTADO,RM-PUB,REFORM AND PUBLIC SECTOR SUPPORT,REFORMA Y APOYO AL SECTOR PUBLICO,LON,Loan Operation,Operación de Préstamo,"The general objective is to reduce the tax burden on the State arising from its ownership of State-owned enterprises (SOEs). The specific objectives are to: (i) increase the number of SOEs that adhere to the corporate governance principles of the Organisation for Economic Co-operation and Development (OECD), including fiscal governance comparable to that of the private sector; and (ii) increase the efficiency of SOEs in the oil and gas, electricity, and aviation sectors.","El objetivo general es reducir la carga fiscal para el Estado derivada de la propiedad de Empresas Públicas (EEPP). Los objetivos específicos son: (i) incrementar el número de EEPP alineadas a los principios de gobernanza corporativa de la Organización para la Cooperación y el Desarrollo Económicos; incluyendo una gobernanza fiscal análoga a la del sector privado; y (ii) aumentar la eficiencia de las EEPP de los sectores de hidrocarburos, eléctrico y aeronáutico.",75000000,75000000,0,SG,Sovereign Guaranteed,SG,ESP,ESP (Specific Investment Operation),ESP (Operación de inversión específica),,,,C,Likely to cause minimal or no negative environmental and associated social impacts,Probablemente cause un mínimo o ningún impacto ambiental negativo y social asociado
EC-L1253,Program to Improve Tax and Customs Administration,Programa de Mejora de la Administración Tributaria y Aduanera,9/30/2022 0:00,1/23/2023 0:00,EC,Ecuador,Ecuador,Implementation,Implementación,RM,REFORM / MODERNIZATION OF THE STATE,REFORMA/MODERNIZACIÓN DEL ESTADO,RM-REA,REVENUE ADMINISTRATION,ADMINISTRACIÓN DE INGRESOS,LON,Loan Operation,Operación de Préstamo,Support the improvement of tax revenue administration in Ecuador through the institutional strengthening of the SRI and SENAE.,Apoyar la mejora de la administracion de ingresos tributarios en Ecuador mediante el fortalecimiento institucional del SRI y SENAE.,84000000,88530968,4530968,SG,Sovereign Guaranteed,SG,ESP,ESP (Specific Investment Operation),ESP (Operación de inversión específica),,,,C,Likely to cause minimal or no negative environmental and associated social impacts,Probablemente cause un mínimo o ningún impacto ambiental negativo y social asociado
PE-L1231,Project to Boost Efficiency in Public Investment Management and Public Procurement,Proyecto para la Mejora de la Eficiencia en la Gestión de la Inversión y las Contrataciones Públicas,12/6/2017 0:00,5/21/2018 0:00,PE,Peru,Perú,Implementation,Implementación,RM,REFORM / MODERNIZATION OF THE STATE,REFORMA/MODERNIZACIÓN DEL ESTADO,RM-FIS,FISCAL POLICY FOR SUSTAINABILITY AND GROWTH,POLÍTICA FISCAL PARA LA SOSTENIBILIDAD Y EL CRECIMIENTO,LON,Loan Operation,Operación de Préstamo,"The objective is to strengthen public investment management and public procurement, to help narrow the investment gaps in key economic sectors and geographical areas of the country. The specific objectives are to: (i) improve public investment management for effective service delivery and provision of priority infrastructure; and (ii) build the capacity to generate knowledge and for continuous improvement in public procurement management within the public investment cycle","El objetivo es fortalecer la gestión de la inversión y contrataciones públicas para contribuir con la reducción de las brechas de inversión en sectores clave de la economía y por áreas geográficas del país. Los objetivos específicos son: (i) mejoramiento de la gestión de la inversión pública para la efectiva prestación de servicios y la provisión de la infraestructura prioritaria; y (ii) mejoramiento de la capacidad para generar conocimiento y mejora continua en la gestión de la contratación pública, dentro del ciclo de la inversión pública.",65000000,73750000,8750000,SG,Sovereign Guaranteed,SG,ESP,ESP (Specific Investment Operation),ESP (Operación de inversión específica),,,,C,Likely to cause minimal or no negative environmental and associated social impacts,Probablemente cause un mínimo o ningún impacto ambiental negativo y social asociado
UR-L1164,Program to Develop and Strengthen Fiscal and Subnational Services Management,Programa de Desarrollo y Fortalecimiento de la Gestión Fiscal y de Servicios Subnacionales,11/23/2022 0:00,5/31/2023 0:00,UR,Uruguay,Uruguay,Implementation,Implementación,RM,REFORM / MODERNIZATION OF THE STATE,REFORMA/MODERNIZACIÓN DEL ESTADO,RM-SUB,SUBNATIONAL AND LOCAL GOVERNMENTS,GOBIERNOS SUBNACIONALES Y LOCALES,LON,Loan Operation,Operación de Préstamo,The general development objective for the second operation of the CCLIP is to improve the fiscal and public investment management of the DGs. The specific development objectives are: (i) strengthen departmental accounting-financial management; (ii) improve the efficiency of public service management through digitalization; and (iii) facilitate access to sustainable and inclusive public infrastructure.,El objetivo general de desarrollo para la segunda operación de la CCLIP es mejorar la gestión fiscal y de la inversión pública de los GD. Los objetivos específicos de desarrollo son: (i) fortalecer la gestión financiera contable departamental; (ii) mejorar la eficiencia de la gestión de servicios públicos a través de su digitalización; y (iii) facilitar el acceso a infraestructura pública sostenible e inclusiva.,90000000,108000000,18000000,SG,Sovereign Guaranteed,SG,ESP,ESP (Specific Investment Operation),ESP (Operación de inversión específica),,,,B,Likely to cause mostly local and short-term negative environmental and associated social impacts and for which effective mitigation measures are readily available,"Es probable que cause impactos principalmente locales y ambientales negativos de corto plazo, para lo cual están disponibles  medidas de mitigación efectivas."
CO-L1164,Program for the Adoption and Implementation of a Rural-Urban Multipurpose Cadastre,Programa para la Adopción e Implementación de un Catastro Multipropósito rural-urbano,9/11/2019 0:00,10/25/2019 0:00,CO,Colombia,Colombia,Implementation,Implementación,RM,REFORM / MODERNIZATION OF THE STATE,REFORMA/MODERNIZACIÓN DEL ESTADO,RM-SUB,SUBNATIONAL AND LOCAL GOVERNMENTS,GOBIERNOS SUBNACIONALES Y LOCALES,LON,Loan Operation,Operación de Préstamo,"The program's general objective is to improve land management in Colombia by implementing a multipurpose cadastral system that includes institutional and technological strengthening of the responsible agencies, which will increase the legal certainty of land tenure, strengthen fiscal management, and ensure more effective land-use planning. Its specific objectives are to: (i) increase the efficiency of the national agencies that constitute the land administration system (i.e. ANT, IGAC, SNR, and DNP) by strengthening their institutional capacity; (ii) enhance the efficiency of the National Cadastral System by modernizing it and developing and implementing the Spatial Data Infrastructure for Land Administration (IDE-AT) system; and (iii) make the government more effective in using cadastral information by implementing the Multipurpose Cadastral System in the territorial entities participating in the program.","El objetivo general del programa es mejorar la gestión de tierras en Colombia a través de la implementación de un sistema catastral multipropósito que incluya el fortalecimiento institucional y tecnológico de las entidades responsables, para así aumentar la seguridad jurídica en la tenencia de la propiedad, fortalecer la gestión fiscal, y lograr un ordenamiento territorial más efectivo. Los objetivos específicos son: (i) aumentar la eficiencia de las entidades del orden nacional que conforman el sistema de administración de tierras (ANT, IGAC, SNR y DNP) mediante el fortalecimiento de su capacidad institucional; (ii) aumentar la eficiencia del Sistema Nacional Catastral (SNC) a través de su modernización y el desarrollo e implementación de la Infraestructura de Datos Espaciales para la Administración de Tierras (IDE-AT); y (iii) aumentar la eficacia del Estado en el aprovechamiento de la información catastral mediante la implementación del Catastro Multipropósito (CM) en las entidades territoriales participantes del programa.",50000000,50000000,0,SG,Sovereign Guaranteed,SG,ESP,ESP (Specific Investment Operation),ESP (Operación de inversión específica),,,,A,"Likely to cause significant negative impacts, or have profound implications affecting natural resources",Susceptible de causar impactos negativos significativos o que tengan profundos efectos implicados afectando los recursos naturales
PR-L1150,Investments in Public Finances for Sustainable Development,Inversiones en Finanzas Públicas para el Desarrollo Sostenible,11/14/2018 0:00,4/5/2019 0:00,PR,Paraguay,Paraguay,Implementation,Implementación,RM,REFORM / MODERNIZATION OF THE STATE,REFORMA/MODERNIZACIÓN DEL ESTADO,RM-FIS,FISCAL POLICY FOR SUSTAINABILITY AND GROWTH,POLÍTICA FISCAL PARA LA SOSTENIBILIDAD Y EL CRECIMIENTO,LON,Loan Operation,Operación de Préstamo,The project objective is to improve public revenue and expenditure management through increased:(i) efficiency in revenue intake; (ii) effectiveness in expenditure execution (at the national and municipal levels); and(iii) efficiency in expenditure,"El objetivo del proyecto es mejorar la gestión de los ingresos y el gasto público, a través de mayor: (i) eficiencia en la recaudación; (ii) eficacia en la ejecución del gasto (a nivel nacional y municipal); y(iii) eficiencia en el gasto.",25000000,26340000,1340000,SG,Sovereign Guaranteed,SG,ESP,ESP (Specific Investment Operation),ESP (Operación de inversión específica),,,,C,Likely to cause minimal or no negative environmental and associated social impacts,Probablemente cause un mínimo o ningún impacto ambiental negativo y social asociado
UR-L1193,Fiscal Management Digital Transformation Program,Programa de Transformación Digital de la Gestión Fiscal,9/8/2023 0:00,11/27/2023 0:00,UR,Uruguay,Uruguay,Implementation,Implementación,RM,REFORM / MODERNIZATION OF THE STATE,REFORMA/MODERNIZACIÓN DEL ESTADO,RM-FIS,FISCAL POLICY FOR SUSTAINABILITY AND GROWTH,POLÍTICA FISCAL PARA LA SOSTENIBILIDAD Y EL CRECIMIENTO,LON,Loan Operation,Operación de Préstamo,The general development objective is to improve the efficiency of fiscal management in Uruguay. Specific development objectives include: (i) increase the efficiency of public spending; (ii) improve theefficiency of public purchases; and (iii) increase the efficiency of the collection of the tax administration.,El objetivo general de desarrollo es mejorar la eficiencia de la gestión fiscal en Uruguay. Los objetivos de desarrollo específicos incluyen: (i) incrementar la eficiencia del gasto público; (ii) mejorar laeficiencia de las compras públicas; y (iii) incrementar la eficiencia de la recaudación de la administración tributaria.,20000000,24400000,4400000,SG,Sovereign Guaranteed,SG,ESP,ESP (Specific Investment Operation),ESP (Operación de inversión específica),,,,C,Likely to cause minimal or no negative environmental and associated social impacts,Probablemente cause un mínimo o ningún impacto ambiental negativo y social asociado
UR-L1205,Program for Institutional and Operational Strengthening of Fiscal Management in Uruguay,Programa de Fortalecimiento Institucional y Operativo de la Gestion Fiscal en Uruguay,11/19/2025 0:00,,UR,Uruguay,Uruguay,Implementation,Implementación,RM,REFORM / MODERNIZATION OF THE STATE,REFORMA/MODERNIZACIÓN DEL ESTADO,RM,REFORM / MODERNIZATION OF THE STATE,REFORMA/MODERNIZACIÓN DEL ESTADO,LON,Loan Operation,Operación de Préstamo,The overall development objective of the CCLIP and the first operation is to strengthen the efficiency of fiscal management in Uruguay. The specific development objectives are: (i) to improve the effectiveness of tax and customs administration; and (ii) to improve the efficiency of public financial management.,El objetivo general de desarrollo de la CCLIP y de la primera operación es fortalecer la eficiencia de la gestión fiscal del Estado uruguayo. Los objetivos específicos de desarrollo son: (i) mejorar la efectividad de la administración tributaria y aduanera; y (ii) mejorar la eficiencia de la gestión financiera pública.,20000000,20000000,,SG,Sovereign Guaranteed,SG,ESP,ESP (Specific Investment Operation),ESP (Operación de inversión específica),,,,C,Likely to cause minimal or no negative environmental and associated social impacts,Probablemente cause un mínimo o ningún impacto ambiental negativo y social asociado
